[{"family":"MaterialIcons","fonts":[{"asset":"fonts/MaterialIcons-Regular.otf"}]},{"family":"KakaoSmallSans","fonts":[{"weight":300,"asset":"assets/fonts/kakao/%EC%B9%B4%EC%B9%B4%EC%98%A4%EC%9E%91%EC%9D%80%EA%B8%80%EC%94%A8/TTF/KakaoSmallSans-Light.ttf"},{"weight":400,"asset":"assets/fonts/kakao/%EC%B9%B4%EC%B9%B4%EC%98%A4%EC%9E%91%EC%9D%80%EA%B8%80%EC%94%A8/TTF/KakaoSmallSans-Regular.ttf"},{"weight":700,"asset":"assets/fonts/kakao/%EC%B9%B4%EC%B9%B4%EC%98%A4%EC%9E%91%EC%9D%80%EA%B8%80%EC%94%A8/TTF/KakaoSmallSans-Bold.ttf"}]},{"family":"KakaoBigSans","fonts":[{"weight":400,"asset":"assets/fonts/kakao/%EC%B9%B4%EC%B9%B4%EC%98%A4%ED%81%B0%EA%B8%80%EC%94%A8/TTF/KakaoBigSans-Regular.ttf"},{"weight":700,"asset":"assets/fonts/kakao/%EC%B9%B4%EC%B9%B4%EC%98%A4%ED%81%B0%EA%B8%80%EC%94%A8/TTF/KakaoBigSans-Bold.ttf"},{"weight":800,"asset":"assets/fonts/kakao/%EC%B9%B4%EC%B9%B4%EC%98%A4%ED%81%B0%EA%B8%80%EC%94%A8/TTF/KakaoBigSans-ExtraBold.ttf"}]},{"family":"packages/cupertino_icons/CupertinoIcons","fonts":[{"asset":"packages/cupertino_icons/assets/CupertinoIcons.ttf"}]},{"family":"packages/material_symbols_icons/MaterialSymbolsOutlined","fonts":[{"asset":"packages/material_symbols_icons/lib/fonts/MaterialSymbolsOutlined.ttf"}]},{"family":"packages/material_symbols_icons/MaterialSymbolsRounded","fonts":[{"asset":"packages/material_symbols_icons/lib/fonts/MaterialSymbolsRounded.ttf"}]},{"family":"packages/material_symbols_icons/MaterialSymbolsSharp","fonts":[{"asset":"packages/material_symbols_icons/lib/fonts/MaterialSymbolsSharp.ttf"}]}]