{"assets/icons/app_icon_stack.svg":["assets/icons/app_icon_stack.svg"],"assets/icons/network_cell.svg":["assets/icons/network_cell.svg"],"assets/icons/package.svg":["assets/icons/package.svg"],"packages/cupertino_icons/assets/CupertinoIcons.ttf":["packages/cupertino_icons/assets/CupertinoIcons.ttf"],"packages/material_symbols_icons/lib/fonts/MaterialSymbolsOutlined.ttf":["packages/material_symbols_icons/lib/fonts/MaterialSymbolsOutlined.ttf"],"packages/material_symbols_icons/lib/fonts/MaterialSymbolsRounded.ttf":["packages/material_symbols_icons/lib/fonts/MaterialSymbolsRounded.ttf"],"packages/material_symbols_icons/lib/fonts/MaterialSymbolsSharp.ttf":["packages/material_symbols_icons/lib/fonts/MaterialSymbolsSharp.ttf"],"packages/pdfrx/assets/pdfium.wasm":["packages/pdfrx/assets/pdfium.wasm"],"packages/pdfrx/assets/pdfium_client.js":["packages/pdfrx/assets/pdfium_client.js"],"packages/pdfrx/assets/pdfium_worker.js":["packages/pdfrx/assets/pdfium_worker.js"],"packages/window_manager/images/ic_chrome_close.png":["packages/window_manager/images/ic_chrome_close.png"],"packages/window_manager/images/ic_chrome_maximize.png":["packages/window_manager/images/ic_chrome_maximize.png"],"packages/window_manager/images/ic_chrome_minimize.png":["packages/window_manager/images/ic_chrome_minimize.png"],"packages/window_manager/images/ic_chrome_unmaximize.png":["packages/window_manager/images/ic_chrome_unmaximize.png"]}