{"assets/fonts/kakao/카카오작은글씨/TTF/KakaoSmallSans-Bold.ttf":["assets/fonts/kakao/카카오작은글씨/TTF/KakaoSmallSans-Bold.ttf"],"assets/fonts/kakao/카카오작은글씨/TTF/KakaoSmallSans-Light.ttf":["assets/fonts/kakao/카카오작은글씨/TTF/KakaoSmallSans-Light.ttf"],"assets/fonts/kakao/카카오작은글씨/TTF/KakaoSmallSans-Regular.ttf":["assets/fonts/kakao/카카오작은글씨/TTF/KakaoSmallSans-Regular.ttf"],"assets/fonts/kakao/카카오큰글씨/TTF/KakaoBigSans-Bold.ttf":["assets/fonts/kakao/카카오큰글씨/TTF/KakaoBigSans-Bold.ttf"],"assets/fonts/kakao/카카오큰글씨/TTF/KakaoBigSans-ExtraBold.ttf":["assets/fonts/kakao/카카오큰글씨/TTF/KakaoBigSans-ExtraBold.ttf"],"assets/fonts/kakao/카카오큰글씨/TTF/KakaoBigSans-Regular.ttf":["assets/fonts/kakao/카카오큰글씨/TTF/KakaoBigSans-Regular.ttf"],"assets/icons/app_icon_stack.svg":["assets/icons/app_icon_stack.svg"],"assets/icons/network_cell.svg":["assets/icons/network_cell.svg"],"assets/icons/package.svg":["assets/icons/package.svg"],"packages/cupertino_icons/assets/CupertinoIcons.ttf":["packages/cupertino_icons/assets/CupertinoIcons.ttf"],"packages/material_symbols_icons/lib/fonts/MaterialSymbolsOutlined.ttf":["packages/material_symbols_icons/lib/fonts/MaterialSymbolsOutlined.ttf"],"packages/material_symbols_icons/lib/fonts/MaterialSymbolsRounded.ttf":["packages/material_symbols_icons/lib/fonts/MaterialSymbolsRounded.ttf"],"packages/material_symbols_icons/lib/fonts/MaterialSymbolsSharp.ttf":["packages/material_symbols_icons/lib/fonts/MaterialSymbolsSharp.ttf"],"packages/pdfrx/assets/pdfium.wasm":["packages/pdfrx/assets/pdfium.wasm"],"packages/pdfrx/assets/pdfium_client.js":["packages/pdfrx/assets/pdfium_client.js"],"packages/pdfrx/assets/pdfium_worker.js":["packages/pdfrx/assets/pdfium_worker.js"],"packages/window_manager/images/ic_chrome_close.png":["packages/window_manager/images/ic_chrome_close.png"],"packages/window_manager/images/ic_chrome_maximize.png":["packages/window_manager/images/ic_chrome_maximize.png"],"packages/window_manager/images/ic_chrome_minimize.png":["packages/window_manager/images/ic_chrome_minimize.png"],"packages/window_manager/images/ic_chrome_unmaximize.png":["packages/window_manager/images/ic_chrome_unmaximize.png"]}